{
    "rmse": 0.14195729462837003,
    "mae": 0.11816403881554531,
    "r2": 0.9999999830489332
}